job-id,C,M,E,T_A,T_est,T_D
job-0,4,6,2,24,283,365
job-1,1,8,7,57,233,509
job-2,1,7,4,87,37,283
job-3,2,4,1,104,58,344
job-4,4,6,2,127,75,224
job-5,6,4,7,157,69,298
job-6,1,7,1,178,130,509
job-7,1,5,1,204,124,494
job-8,5,8,2,227,43,512
job-9,1,4,2,257,96,502
job-10,1,7,2,284,145,663
job-11,4,6,1,310,16,497
job-12,5,5,8,342,178,617
job-13,4,8,3,360,54,666
job-14,5,9,3,379,46,541
job-15,4,8,4,415,58,634
job-16,2,11,4,446,299,843
job-17,3,9,2,468,49,537
job-18,3,9,2,487,117,871
job-19,4,11,2,514,27,614
job-20,6,5,8,542,134,854
job-21,3,9,6,560,300,966
job-22,3,5,8,592,388,998
job-23,2,12,4,615,56,950
job-24,4,7,2,637,67,845
job-25,1,11,2,660,450,1316
job-26,2,11,1,677,117,818
job-27,4,8,4,696,39,775
job-28,3,11,4,724,15,800
job-29,3,7,5,749,40,911
job-30,2,6,6,765,56,1080
job-31,6,11,2,793,28,850
job-32,2,8,7,818,12,982
job-33,6,12,1,839,335,1387
job-34,4,8,5,862,49,1016
job-35,6,5,8,892,81,1158
job-36,2,9,7,912,39,1041
job-37,3,10,7,943,52,1051
job-38,1,9,7,967,130,1348
job-39,3,11,5,987,42,1295
job-40,6,5,2,1008,28,1055
job-41,1,9,1,1030,18,1212
job-42,4,11,2,1055,170,1401
job-43,6,7,3,1084,43,1346
job-44,4,6,2,1118,14,1324
job-45,2,8,2,1138,24,1411
job-46,4,6,1,1168,24,1229
job-47,3,5,5,1198,14,1466
job-48,2,11,6,1220,27,1337
job-49,1,5,3,1243,120,1527
job-50,5,4,2,1277,68,1420
job-51,1,8,8,1302,111,1711
job-52,4,7,1,1330,22,1408
job-53,2,9,3,1360,328,1848
job-54,2,12,6,1384,22,1632
job-55,6,12,7,1409,128,1710
job-56,5,8,2,1445,167,1764
job-57,4,5,1,1474,100,1742
job-58,3,7,7,1495,49,1583
job-59,1,12,8,1529,94,1790
job-60,3,8,1,1548,53,1615
job-61,1,8,4,1577,177,1912
job-62,3,9,1,1596,112,1786
job-63,2,8,2,1626,73,1727
job-64,6,7,2,1645,224,1880
job-65,4,7,2,1663,570,2409
job-66,1,6,5,1689,101,1834
job-67,3,11,1,1714,12,1818
job-68,1,10,2,1736,83,2029
job-69,4,8,4,1758,165,1969
job-70,2,6,6,1782,85,2016
job-71,2,6,2,1816,87,1936
job-72,6,7,8,1844,54,2087
job-73,5,9,7,1864,51,2095
job-74,4,10,2,1886,33,1989
job-75,5,10,8,1917,90,2306
job-76,3,6,8,1941,38,2178
job-77,2,8,4,1962,82,2064
job-78,4,10,3,1995,52,2282
job-79,2,4,3,2027,338,2564
job-80,6,4,7,2056,87,2266
job-81,5,7,4,2085,12,2242
job-82,2,10,4,2110,186,2476
job-83,3,8,1,2147,37,2288
job-84,6,10,7,2175,140,2478
job-85,4,7,2,2203,60,2311
job-86,2,7,3,2235,146,2516
job-87,6,4,1,2262,23,2508
job-88,4,6,6,2288,158,2498
job-89,6,10,3,2312,68,2422
job-90,6,6,2,2337,82,2442
job-91,2,9,4,2364,12,2421
job-92,2,8,7,2385,39,2572
job-93,5,10,3,2412,53,2591
job-94,5,4,8,2440,73,2575
job-95,3,6,2,2471,33,2555
job-96,6,4,6,2499,151,2936
job-97,6,9,1,2518,27,2740
job-98,5,10,1,2540,98,2885
job-99,2,8,6,2566,64,2638
job-100,4,9,2,2587,260,2885
job-101,2,8,4,2615,12,2862
job-102,3,5,1,2643,41,2692
job-103,1,12,7,2665,86,2945
job-104,1,11,3,2691,339,3097
job-105,4,8,3,2715,280,3003
job-106,5,7,6,2745,165,3206
job-107,5,12,3,2774,57,3023
job-108,5,6,1,2790,19,3012
job-109,2,11,2,2809,56,2891
job-110,2,4,8,2842,46,3065
job-111,6,4,7,2865,11,3068
job-112,3,6,3,2889,67,2968
job-113,4,11,7,2914,208,3268
job-114,1,10,1,2942,72,3172
job-115,5,11,7,2967,231,3396
job-116,6,6,1,2996,235,3280
job-117,5,6,8,3017,89,3258
job-118,1,12,8,3045,30,3283
job-119,5,5,7,3069,65,3148
job-120,4,8,7,3095,86,3378
job-121,2,9,6,3123,12,3323
job-122,6,10,8,3144,12,3252
job-123,1,7,5,3163,65,3252
job-124,1,6,5,3184,196,3522
job-125,3,7,1,3209,57,3277
job-126,3,4,4,3236,135,3489
job-127,2,6,6,3256,302,3697
job-128,2,9,4,3277,37,3351
job-129,1,12,5,3304,103,3641
job-130,2,10,5,3330,67,3440
job-131,5,11,5,3356,158,3610
job-132,5,11,2,3387,17,3596
job-133,1,12,6,3412,65,3646
job-134,5,10,6,3433,119,3659
job-135,3,7,7,3457,53,3529
job-136,6,11,4,3478,10,3625
job-137,5,6,4,3496,165,3862
job-138,2,6,3,3515,12,3790
job-139,1,5,1,3540,14,3728
job-140,5,8,7,3562,31,3720
job-141,3,8,7,3589,118,3836
job-142,6,5,4,3610,123,3968
job-143,5,11,5,3636,45,3767
job-144,5,5,4,3663,357,4066
job-145,4,5,8,3695,138,3989
job-146,5,4,3,3713,38,3783
job-147,6,7,7,3740,122,4022
job-148,3,11,8,3766,51,3866
job-149,6,12,4,3782,70,4100
job-150,6,6,8,3813,297,4116
job-151,6,11,1,3845,136,4162
job-152,2,5,7,3872,77,4130
job-153,5,8,8,3901,291,4235
job-154,3,8,5,3928,135,4064
job-155,6,12,6,3953,26,4131
job-156,6,12,7,3977,11,4264
job-157,6,9,4,4005,103,4169
job-158,4,7,3,4042,235,4288
job-159,2,12,8,4062,57,4146
job-160,1,6,6,4098,62,4329
job-161,4,7,2,4114,211,4575
job-162,3,12,4,4131,144,4327
job-163,5,8,2,4151,22,4178
job-164,4,7,8,4182,380,4583
job-165,3,4,4,4210,74,4300
job-166,3,5,7,4241,437,4745
job-167,1,6,7,4269,149,4654
job-168,3,6,2,4287,80,4508
job-169,3,4,4,4312,246,4676
job-170,6,8,2,4330,25,4398
job-171,4,8,2,4353,55,4628
job-172,2,7,2,4374,109,4563
job-173,6,9,2,4398,47,4590
job-174,3,9,7,4434,175,4839
job-175,3,10,1,4457,69,4567
job-176,3,5,3,4485,20,4737
job-177,5,4,1,4503,28,4717
job-178,1,5,2,4526,12,4556
job-179,1,4,8,4552,76,4727
job-180,3,4,6,4573,140,4766
job-181,5,12,1,4602,20,4779
job-182,3,9,4,4626,74,4988
job-183,5,12,4,4650,51,4725
job-184,1,10,4,4679,337,5195
job-185,4,9,3,4701,99,5030
job-186,4,5,8,4725,283,5099
job-187,4,6,2,4757,16,4961
job-188,3,10,4,4783,236,5162
job-189,6,12,2,4806,57,5086
job-190,6,5,4,4823,15,5026
job-191,2,12,7,4847,152,5031
job-192,6,11,7,4868,34,5180
job-193,6,4,7,4883,16,5050
job-194,4,9,5,4898,66,5040
job-195,6,6,6,4911,396,5570
job-196,2,9,6,4936,296,5355
job-197,3,7,2,4964,33,5264
job-198,2,6,5,4995,161,5312
job-199,4,4,4,5011,70,5279
job-200,1,6,8,5042,13,5267
job-201,6,12,6,5069,54,5411
job-202,6,12,3,5094,96,5356
job-203,3,12,5,5116,70,5308
job-204,1,10,5,5135,141,5413
job-205,2,11,8,5158,138,5401
job-206,4,8,6,5181,19,5470
job-207,1,4,1,5202,28,5426
job-208,6,6,1,5218,485,5890
job-209,4,6,7,5248,58,5487
job-210,4,10,1,5279,142,5430
job-211,5,5,4,5305,117,5549
job-212,6,7,2,5336,370,5719
job-213,2,5,8,5371,60,5641
job-214,1,11,7,5395,42,5483
job-215,5,11,4,5418,141,5688
job-216,6,8,2,5438,216,5827
job-217,2,9,3,5463,154,5739
job-218,1,12,5,5488,46,5807
job-219,4,5,3,5511,126,5854
job-220,5,12,7,5530,114,5758
job-221,6,12,4,5565,86,5940
job-222,3,10,6,5583,116,5737
job-223,5,8,1,5613,46,5952
job-224,2,7,7,5637,90,5858
job-225,4,8,5,5654,49,5915
job-226,4,7,3,5680,45,5775
job-227,5,7,5,5708,124,5992
job-228,3,11,6,5731,88,5933
job-229,6,4,6,5749,48,5956
job-230,5,7,4,5774,338,6324
job-231,5,7,3,5791,59,5946
job-232,6,8,7,5817,72,6113
job-233,3,4,3,5844,82,5996
job-234,3,11,4,5872,34,6117
job-235,2,5,3,5892,14,6071
job-236,1,9,1,5930,54,6019
job-237,4,12,4,5942,432,6512
job-238,2,8,8,5963,229,6478
job-239,5,4,8,5989,150,6170
job-240,1,7,8,6010,237,6313
job-241,3,5,1,6042,66,6344
job-242,1,5,1,6063,36,6316
job-243,5,11,1,6089,37,6185
job-244,3,12,7,6109,100,6431
job-245,4,7,7,6134,10,6364
job-246,6,9,7,6164,40,6302
job-247,4,10,6,6196,61,6426
job-248,2,5,4,6215,531,6801
job-249,6,8,4,6244,147,6654
job-250,3,12,5,6263,39,6542
job-251,3,8,2,6288,49,6551
job-252,4,10,3,6318,120,6636
job-253,6,11,6,6343,355,6826
job-254,6,7,1,6372,192,6572
job-255,6,6,3,6406,42,6555
job-256,4,4,5,6435,211,6906
job-257,3,11,1,6455,157,6749
job-258,1,12,2,6483,29,6719
job-259,4,5,1,6511,48,6610
job-260,1,4,1,6545,106,6824
job-261,1,6,1,6561,74,6678
job-262,5,8,4,6588,548,7286
job-263,3,7,7,6613,198,7082
job-264,3,6,3,6638,176,7035
job-265,6,12,1,6673,121,7070
job-266,4,10,1,6702,17,6759
job-267,6,6,4,6734,41,6843
job-268,4,4,2,6771,41,6965
job-269,3,9,2,6796,159,7214
job-270,5,10,8,6833,19,7126
job-271,3,12,3,6862,14,7055
job-272,6,7,7,6897,30,6989
job-273,3,8,3,6926,24,6962
job-274,5,6,4,6948,334,7391
job-275,4,10,4,6980,44,7272
job-276,2,12,1,6994,76,7225
job-277,2,9,3,7022,268,7472
job-278,1,8,5,7051,18,7286
job-279,3,8,6,7071,385,7738
job-280,6,11,3,7108,51,7221
job-281,1,12,7,7125,215,7555
job-282,5,7,8,7147,79,7441
job-283,2,12,4,7179,33,7220
job-284,6,10,2,7208,83,7402
job-285,3,6,1,7234,590,8004
job-286,6,4,2,7267,54,7536
job-287,1,10,5,7296,132,7557
job-288,3,6,3,7315,155,7572
job-289,2,10,2,7342,84,7709
job-290,4,7,8,7370,47,7663
job-291,4,8,8,7393,20,7439
job-292,5,10,2,7416,23,7719
job-293,4,11,5,7440,152,7675
job-294,6,10,4,7463,47,7742
job-295,5,8,7,7486,76,7741
job-296,6,4,8,7510,80,7804
job-297,2,6,7,7531,243,7802
job-298,5,4,2,7565,121,7719
job-299,5,10,5,7583,32,7787
job-300,6,8,1,7606,75,7845
job-301,4,12,5,7631,71,7811
job-302,4,12,7,7651,40,7874
job-303,2,5,7,7672,228,7948
job-304,3,10,3,7705,101,8096
job-305,2,6,4,7729,37,8062
job-306,3,4,1,7747,36,7829
job-307,1,10,1,7766,115,8054
job-308,3,6,7,7789,45,8047
job-309,5,6,5,7818,50,7973
job-310,5,4,7,7849,85,8215
job-311,4,5,3,7882,168,8122
job-312,1,10,4,7921,73,8055
job-313,2,8,3,7943,19,8011
job-314,4,4,4,7971,17,8179
job-315,6,9,2,7998,39,8135
job-316,2,5,5,8030,19,8333
job-317,5,9,2,8057,36,8333
job-318,2,7,7,8087,125,8478
job-319,3,10,1,8100,54,8442
job-320,3,12,4,8126,19,8182
job-321,4,9,8,8155,150,8515
job-322,2,8,7,8186,38,8320
job-323,5,8,5,8219,95,8335
job-324,6,9,4,8254,366,8881
job-325,5,9,8,8286,308,8782
job-326,6,11,4,8314,65,8597
job-327,6,4,2,8339,39,8436
job-328,6,8,8,8366,56,8586
job-329,4,10,8,8392,33,8644
job-330,4,8,7,8417,144,8700
job-331,2,5,6,8445,118,8800
job-332,6,5,1,8471,30,8764
job-333,2,9,5,8495,142,8932
job-334,3,4,7,8519,65,8593
job-335,2,12,1,8544,72,8837
job-336,3,5,5,8566,26,8671
job-337,1,12,5,8594,149,9008
job-338,2,7,4,8634,22,8935
job-339,1,4,4,8663,56,8893
job-340,5,7,4,8684,34,8917
job-341,1,5,5,8706,386,9153
job-342,1,4,3,8729,104,9039
job-343,2,11,8,8761,134,9081
job-344,6,12,4,8781,72,8894
job-345,6,11,1,8802,40,9125
job-346,2,4,1,8818,172,9157
job-347,3,10,1,8845,30,8888
job-348,6,11,2,8864,12,9013
job-349,1,7,1,8887,286,9377
job-350,1,4,1,8921,653,9832
job-351,4,5,6,8943,133,9183
job-352,2,4,7,8969,265,9310
job-353,4,10,1,8987,113,9305
job-354,2,8,4,9017,61,9246
job-355,2,4,5,9048,47,9224
job-356,1,8,5,9077,98,9392
job-357,5,4,7,9096,87,9349
job-358,2,12,3,9117,56,9378
job-359,3,4,7,9136,102,9377
job-360,1,11,8,9166,17,9205
job-361,3,11,6,9193,97,9577
job-362,2,8,5,9222,21,9501
job-363,2,5,6,9245,27,9286
job-364,3,6,4,9265,228,9652
job-365,4,9,3,9291,129,9594
job-366,1,5,7,9317,16,9552
job-367,3,12,3,9335,22,9439
job-368,4,8,7,9358,312,9874
job-369,3,6,3,9390,449,10045
job-370,3,11,2,9421,24,9725
job-371,3,9,1,9445,111,9716
job-372,4,8,3,9474,232,9828
job-373,4,5,6,9502,87,9693
job-374,5,8,3,9534,213,9986
job-375,5,9,4,9562,151,9982
job-376,4,9,6,9596,37,9735
job-377,4,6,6,9627,68,9756
job-378,1,10,2,9656,28,9723
job-379,5,6,2,9682,254,9964
job-380,3,4,7,9711,116,9958
job-381,3,6,1,9737,85,10019
job-382,2,9,1,9767,142,10023
job-383,1,12,4,9788,84,10131
job-384,5,10,1,9809,36,10040
job-385,1,7,2,9837,239,10317
job-386,2,7,1,9855,52,9951
job-387,5,5,6,9873,144,10090
job-388,5,11,4,9893,35,10050
job-389,4,6,5,9910,241,10435
job-390,2,5,3,9936,466,10562
job-391,3,8,7,9969,80,10057
job-392,2,9,5,9994,134,10401
job-393,1,6,8,10021,25,10222
job-394,3,12,5,10056,133,10213
job-395,6,4,7,10079,170,10304
job-396,4,10,8,10105,128,10300
job-397,5,7,7,10129,47,10229
job-398,4,11,2,10150,164,10427
job-399,6,8,3,10178,26,10432
job-400,4,4,7,10196,45,10279
job-401,1,8,8,10222,319,10665
job-402,1,10,4,10248,166,10596
job-403,2,5,3,10270,203,10640
job-404,2,4,5,10301,163,10597
job-405,1,9,4,10322,131,10690
job-406,6,5,6,10338,204,10583
job-407,2,8,5,10360,16,10456
job-408,4,6,6,10386,47,10528
job-409,3,10,8,10409,20,10541
job-410,4,9,5,10428,24,10489
job-411,1,8,1,10465,90,10783
job-412,1,11,3,10486,24,10756
job-413,4,11,3,10509,159,10951
job-414,4,9,7,10531,188,10742
job-415,3,4,6,10557,80,10928
job-416,2,7,4,10588,32,10711
job-417,1,10,4,10608,70,10975
job-418,5,6,8,10634,29,10771
job-419,1,7,4,10659,130,10951
job-420,3,6,1,10687,53,10796
job-421,2,9,4,10710,27,10832
job-422,6,10,1,10737,107,11008
job-423,1,7,3,10761,16,10902
job-424,5,9,3,10779,76,11123
job-425,5,7,7,10810,172,11071
job-426,5,8,6,10838,81,11131
job-427,4,8,7,10858,98,11141
job-428,1,7,2,10882,22,11048
job-429,2,8,7,10904,11,11180
job-430,3,12,4,10933,118,11243
job-431,5,8,4,10956,57,11144
job-432,4,8,7,10984,75,11183
job-433,5,9,4,11011,14,11231
job-434,5,5,1,11044,222,11539
job-435,5,12,5,11067,451,11548
job-436,6,5,4,11090,323,11414
job-437,2,11,2,11111,359,11596
job-438,2,11,2,11133,116,11384
job-439,3,6,7,11158,27,11240
job-440,1,6,2,11182,207,11449
job-441,4,11,2,11200,53,11417
job-442,3,4,3,11233,31,11478
job-443,1,5,7,11254,26,11404
job-444,1,9,6,11288,19,11332
job-445,4,9,8,11314,55,11442
job-446,4,6,7,11337,209,11570
job-447,5,4,4,11350,67,11493
job-448,3,7,3,11371,14,11537
job-449,4,12,2,11387,63,11563
job-450,1,8,3,11417,25,11739
job-451,1,4,5,11439,17,11463
job-452,2,11,5,11458,27,11579
job-453,2,8,6,11487,35,11612
job-454,5,12,8,11507,11,11566
job-455,4,9,4,11536,120,11743
job-456,3,8,5,11557,26,11850
job-457,1,4,3,11588,175,11834
job-458,1,11,7,11612,262,12130
job-459,5,11,2,11637,62,11955
job-460,6,8,8,11668,13,11714
job-461,6,7,6,11701,173,11995
job-462,2,12,7,11720,207,11934
job-463,2,10,8,11745,163,12106
job-464,3,5,7,11779,46,11908
job-465,2,4,7,11806,43,11890
job-466,6,6,8,11830,240,12302
job-467,1,8,3,11854,446,12493
job-468,4,8,4,11872,178,12272
job-469,5,8,6,11895,37,12135
job-470,6,10,2,11922,38,12193
job-471,5,7,1,11940,25,11993
job-472,2,5,5,11963,190,12267
job-473,1,5,5,11995,45,12299
job-474,2,11,6,12035,46,12269
job-475,5,11,8,12059,287,12463
job-476,3,11,3,12087,352,12703
job-477,2,6,6,12118,47,12312
job-478,3,10,4,12141,55,12302
job-479,6,9,2,12171,114,12522
job-480,1,4,6,12194,259,12506
job-481,1,4,2,12216,15,12293
job-482,1,11,4,12243,12,12333
job-483,2,12,7,12268,143,12448
job-484,1,11,2,12294,11,12461
job-485,3,9,4,12321,306,12892
job-486,6,9,7,12357,106,12700
job-487,3,4,4,12382,189,12760
job-488,3,4,3,12397,134,12763
job-489,6,11,8,12425,173,12655
job-490,4,9,8,12448,42,12642
job-491,1,10,7,12476,13,12752
job-492,4,10,3,12498,372,13113
job-493,2,10,3,12524,73,12831
job-494,4,11,8,12555,19,12777
job-495,2,11,5,12586,30,12757
job-496,2,4,8,12608,121,13015
job-497,6,12,3,12638,194,12856
job-498,6,4,5,12660,117,12944
job-499,1,11,3,12688,17,12979
job-500,6,11,1,12716,248,13254
job-501,3,11,8,12746,135,13030
job-502,5,7,4,12774,12,12926
job-503,2,9,8,12800,143,13079
job-504,6,6,5,12824,315,13279
job-505,4,6,2,12848,96,13116
job-506,4,4,4,12878,10,13019
job-507,4,4,5,12914,50,13218
job-508,6,8,1,12933,83,13268
job-509,4,11,8,12952,96,13262
job-510,2,5,8,12975,15,13122
job-511,5,4,8,12998,171,13376
job-512,3,8,4,13016,28,13294
job-513,4,12,2,13038,75,13373
job-514,1,7,2,13069,340,13457
job-515,2,11,5,13095,257,13567
job-516,4,11,2,13124,178,13382
job-517,6,7,5,13148,78,13423
job-518,6,9,7,13170,92,13541
job-519,3,9,7,13196,135,13571
job-520,2,10,7,13224,54,13482
job-521,6,11,6,13242,57,13343
job-522,3,4,1,13262,34,13537
job-523,3,4,2,13284,142,13692
job-524,6,8,4,13308,315,13868
job-525,1,5,5,13334,30,13387
job-526,2,10,4,13356,198,13598
job-527,2,5,1,13374,32,13451
job-528,5,11,1,13388,193,13735
job-529,4,4,8,13404,31,13619
job-530,5,10,7,13435,151,13841
job-531,2,5,7,13460,94,13732
job-532,3,6,8,13487,26,13513
job-533,5,8,6,13515,13,13671
job-534,2,5,6,13542,128,13950
job-535,3,4,8,13568,132,13941
job-536,4,9,6,13596,217,13896
job-537,4,7,1,13612,144,13821
job-538,6,9,6,13636,75,13965
job-539,1,5,6,13668,55,13978
job-540,4,10,6,13686,140,14027
job-541,3,10,1,13718,68,13911
job-542,4,5,7,13746,177,14070
job-543,5,11,8,13783,119,14147
job-544,2,11,4,13814,37,14115
job-545,3,9,5,13828,93,14003
job-546,4,4,5,13847,301,14310
job-547,2,12,5,13881,28,14003
job-548,5,8,2,13906,42,14167
job-549,3,12,8,13939,22,14099
job-550,6,5,5,13966,34,14048
job-551,1,7,7,13989,40,14057
job-552,4,12,7,14016,20,14145
job-553,6,8,8,14042,47,14292
job-554,2,9,8,14069,34,14258
job-555,6,9,2,14090,33,14317
job-556,3,5,3,14126,172,14357
job-557,4,11,6,14150,187,14478
job-558,5,11,8,14174,17,14204
job-559,3,10,7,14200,83,14453
job-560,1,8,6,14234,202,14526
job-561,6,8,6,14260,360,14904
job-562,2,4,7,14285,16,14433
job-563,3,4,8,14311,151,14725
job-564,3,7,1,14333,11,14622
job-565,2,6,1,14361,143,14586
job-566,1,11,3,14388,123,14699
job-567,6,10,5,14409,64,14656
job-568,1,11,5,14437,177,14789
job-569,1,10,4,14450,331,14987
job-570,1,7,5,14470,20,14640
job-571,1,4,7,14493,100,14811
job-572,4,4,5,14526,146,14721
job-573,1,11,8,14554,63,14910
job-574,4,6,7,14583,292,14969
job-575,5,5,3,14608,71,14723
job-576,5,10,1,14625,61,14805
job-577,3,9,4,14655,12,14891
job-578,4,10,4,14682,142,14957
job-579,4,4,6,14702,21,14812
job-580,5,6,6,14733,309,15325
job-581,2,5,1,14758,202,15099
job-582,5,10,5,14786,359,15216
job-583,6,11,6,14816,133,15180
job-584,2,12,6,14839,190,15308
job-585,2,8,1,14864,117,15276
job-586,1,4,3,14900,19,15164
job-587,5,9,5,14923,52,15193
job-588,2,5,3,14940,225,15412
job-589,2,8,4,14971,308,15402
job-590,3,4,8,14993,104,15143
job-591,5,9,1,15026,49,15098
job-592,2,6,3,15056,372,15455
job-593,1,5,7,15088,45,15178
job-594,2,11,3,15113,220,15562
job-595,4,9,3,15133,107,15345
job-596,6,7,1,15153,80,15257
job-597,6,11,3,15185,534,16012
job-598,3,12,8,15221,51,15433
job-599,2,7,5,15256,15,15480
job-600,6,12,4,15278,63,15379
job-601,3,9,1,15302,97,15635
job-602,3,11,7,15330,11,15571
job-603,5,12,4,15354,263,15901
job-604,1,10,1,15381,99,15567
job-605,1,9,2,15402,31,15635
job-606,1,9,2,15425,137,15736
job-607,1,9,6,15440,311,15806
job-608,5,5,6,15458,76,15620
job-609,1,7,6,15478,131,15780
job-610,4,12,3,15513,203,15828
job-611,3,5,1,15542,98,15777
job-612,2,11,4,15583,102,15961
job-613,6,5,5,15601,183,16057
job-614,4,6,1,15628,112,15762
job-615,1,7,2,15655,112,15855
job-616,2,8,1,15681,269,16155
job-617,3,6,2,15707,148,16134
job-618,1,10,2,15732,98,16009
job-619,4,12,1,15751,223,16233
job-620,4,11,8,15784,34,16060
job-621,6,9,5,15811,162,16239
job-622,3,11,4,15835,84,16147
job-623,1,6,3,15868,268,16360
job-624,5,9,3,15898,19,15973
job-625,3,6,4,15934,112,16048
job-626,6,10,3,15962,215,16196
job-627,3,6,7,15987,388,16530
job-628,5,7,1,16022,283,16504
job-629,1,5,3,16045,56,16150
job-630,6,6,1,16069,29,16172
job-631,3,11,3,16083,124,16231
job-632,4,4,2,16108,210,16333
job-633,5,9,8,16127,329,16586
job-634,1,12,3,16153,24,16240
job-635,4,7,7,16183,52,16490
job-636,2,6,2,16206,12,16427
job-637,5,6,2,16227,119,16565
job-638,6,4,8,16263,40,16329
job-639,1,4,6,16293,85,16421
job-640,2,11,4,16314,158,16589
job-641,2,6,8,16344,62,16413
job-642,4,12,6,16370,49,16503
job-643,5,4,4,16401,55,16617
job-644,4,11,2,16426,215,16766
job-645,3,10,7,16453,160,16644
job-646,2,10,3,16482,81,16576
job-647,5,6,4,16502,92,16747
job-648,5,6,1,16526,26,16624
job-649,4,11,8,16539,103,16825
job-650,6,5,2,16564,72,16862
job-651,6,9,2,16590,272,16963
job-652,4,4,3,16603,49,16855
job-653,3,5,4,16618,148,16995
job-654,5,5,7,16650,96,17021
job-655,1,12,7,16678,36,16976
job-656,5,4,4,16699,38,16963
job-657,5,9,2,16728,48,17056
job-658,1,6,8,16753,89,16935
job-659,3,4,1,16786,16,17015
job-660,6,11,8,16808,183,17009
job-661,4,9,5,16829,22,16933
job-662,1,11,1,16851,115,17109
job-663,4,7,7,16876,372,17259
job-664,2,9,7,16894,370,17528
job-665,2,10,1,16921,58,17140
job-666,5,10,1,16947,46,17013
job-667,5,12,7,16967,156,17230
job-668,1,8,5,16989,34,17158
job-669,2,6,1,17012,176,17400
job-670,3,5,2,17040,197,17500
job-671,6,11,6,17065,308,17524
job-672,6,5,3,17094,42,17273
job-673,1,8,5,17113,45,17285
job-674,1,8,2,17135,53,17240
job-675,5,6,3,17156,378,17724
job-676,4,9,4,17177,65,17280
job-677,1,10,6,17199,15,17363
job-678,1,8,7,17219,413,17761
job-679,5,7,7,17242,32,17488
job-680,3,4,5,17263,54,17608
job-681,6,6,6,17286,67,17522
job-682,4,9,7,17310,67,17578
job-683,5,10,1,17336,34,17529
job-684,3,5,2,17367,54,17504
job-685,2,8,4,17391,23,17571
job-686,6,12,1,17411,19,17648
job-687,2,7,2,17425,77,17571
job-688,3,5,5,17459,94,17577
job-689,6,4,3,17481,105,17628
job-690,4,5,7,17503,22,17788
job-691,1,11,2,17533,94,17863
job-692,3,5,8,17563,71,17868
job-693,3,7,4,17586,229,18061
job-694,5,6,1,17606,275,17979
job-695,4,10,8,17633,64,17743
job-696,5,12,7,17655,57,17753
job-697,1,5,1,17681,23,17869
job-698,4,9,6,17716,10,17980
job-699,5,10,7,17740,34,18025
job-700,3,6,6,17765,64,18051
job-701,6,12,4,17786,150,17954
job-702,6,7,8,17806,18,18040
job-703,6,9,8,17832,334,18390
job-704,6,5,6,17862,51,18195
job-705,5,11,4,17885,129,18273
job-706,1,7,6,17920,41,18138
job-707,3,7,8,17946,79,18237
job-708,3,4,4,17961,25,18015
job-709,3,6,1,17989,45,18202
job-710,5,4,4,18008,291,18468
job-711,2,4,1,18034,29,18227
job-712,3,12,4,18053,119,18271
job-713,5,10,5,18081,93,18360
job-714,2,6,8,18105,10,18164
job-715,6,5,7,18125,132,18302
job-716,4,8,2,18153,98,18339
job-717,2,9,2,18180,48,18265
job-718,6,10,8,18209,26,18396
job-719,1,10,8,18230,24,18378
job-720,5,9,2,18256,253,18680
job-721,5,12,8,18279,18,18514
job-722,6,4,3,18302,32,18424
job-723,4,6,7,18331,38,18573
job-724,1,7,8,18348,317,18895
job-725,4,6,8,18372,69,18629
job-726,1,11,6,18406,40,18526
job-727,4,4,3,18440,50,18601
job-728,2,8,5,18476,91,18762
job-729,1,10,3,18495,43,18691
job-730,3,12,6,18517,15,18580
job-731,6,10,7,18545,85,18926
job-732,2,8,6,18567,13,18614
job-733,6,4,5,18589,65,18903
job-734,2,4,5,18604,11,18789
job-735,1,6,2,18626,12,18795
job-736,2,11,2,18648,63,18950
job-737,3,4,2,18673,51,18748
job-738,1,9,3,18710,18,18750
job-739,6,8,5,18737,317,19303
job-740,4,7,8,18760,89,18856
job-741,2,7,8,18788,33,18869
job-742,5,12,4,18821,131,19090
job-743,2,12,2,18836,227,19165
job-744,5,8,8,18862,42,18995
job-745,4,7,8,18887,105,19140
job-746,3,8,6,18917,29,19080
job-747,4,4,5,18943,68,19287
job-748,2,5,6,18961,37,19204
job-749,6,10,6,18982,242,19446
job-750,6,5,8,19006,41,19296
job-751,3,5,4,19034,34,19191
job-752,1,12,6,19067,98,19415
job-753,4,9,3,19087,31,19275
job-754,2,10,3,19118,470,19870
job-755,3,12,8,19142,67,19289
job-756,2,10,2,19171,33,19215
job-757,6,4,8,19183,22,19403
job-758,5,10,7,19204,52,19431
job-759,6,12,2,19233,73,19461
job-760,5,4,1,19264,77,19446
job-761,5,10,8,19288,71,19384
job-762,5,11,8,19317,65,19477
job-763,2,9,8,19340,199,19612
job-764,1,4,4,19367,185,19790
job-765,2,6,8,19395,62,19465
job-766,2,9,7,19417,124,19609
job-767,4,6,3,19436,156,19671
job-768,4,5,1,19457,20,19709
job-769,2,4,5,19482,30,19710
job-770,1,11,1,19513,190,19935
job-771,2,8,4,19535,247,19898
job-772,4,10,6,19564,25,19615
job-773,3,11,5,19589,189,20062
job-774,6,9,6,19624,112,19764
job-775,1,6,6,19650,142,19997
job-776,6,9,4,19674,44,19833
job-777,3,5,3,19707,75,20073
job-778,6,7,6,19722,107,20108
job-779,4,9,6,19747,189,20028
job-780,2,11,3,19770,161,20027
job-781,1,4,2,19804,83,20074
job-782,6,5,8,19823,31,19976
job-783,4,11,2,19840,87,20222
job-784,4,8,7,19870,107,20243
job-785,6,7,7,19896,187,20235
job-786,5,11,5,19924,250,20448
job-787,1,6,3,19947,165,20145
job-788,6,9,2,19969,161,20362
job-789,2,6,5,19992,153,20329
job-790,2,10,5,20019,19,20097
job-791,3,7,5,20040,166,20466
job-792,6,9,4,20061,230,20407
job-793,6,7,6,20081,75,20298
job-794,1,4,4,20104,49,20199
job-795,4,10,5,20126,42,20251
job-796,4,8,5,20144,65,20407
job-797,1,10,7,20172,49,20424
job-798,1,7,1,20192,146,20601
job-799,6,4,6,20213,43,20449
job-800,1,5,7,20232,46,20444
job-801,1,7,1,20253,16,20293
job-802,6,5,4,20274,491,20899
job-803,6,7,6,20302,13,20598
job-804,6,7,7,20334,38,20486
job-805,4,6,2,20360,15,20392
job-806,5,8,2,20380,138,20783
job-807,2,9,8,20401,44,20686
job-808,2,9,7,20422,38,20560
job-809,5,7,5,20441,35,20710
job-810,6,12,1,20460,287,21003
job-811,4,5,5,20487,72,20726
job-812,3,6,8,20515,26,20772
job-813,6,10,8,20551,92,20884
job-814,1,8,5,20568,100,20763
job-815,3,4,7,20589,93,20894
job-816,2,9,6,20620,92,20722
job-817,1,6,7,20644,45,20886
job-818,4,12,2,20686,37,20797
job-819,6,6,6,20715,52,21057
job-820,2,7,7,20742,101,20845
job-821,1,7,3,20772,107,21018
job-822,6,12,7,20806,79,21116
job-823,1,4,2,20834,143,21087
job-824,2,7,6,20864,166,21214
job-825,3,8,3,20891,23,21193
job-826,2,9,8,20917,27,21237
job-827,4,11,7,20936,169,21134
job-828,2,10,2,20960,29,20992
job-829,3,12,7,20978,138,21335
job-830,5,10,8,21001,72,21171
job-831,6,7,4,21024,99,21339
job-832,2,8,3,21049,126,21340
job-833,5,10,7,21077,37,21300
job-834,6,9,7,21099,17,21329
job-835,4,5,1,21123,72,21289
job-836,1,4,4,21144,129,21487
job-837,5,12,8,21176,33,21407
job-838,6,10,3,21204,382,21834
job-839,4,6,1,21225,204,21661
job-840,2,5,7,21246,37,21393
job-841,3,11,1,21272,60,21630
job-842,6,4,1,21296,249,21623
job-843,4,9,6,21320,130,21678
job-844,6,10,1,21347,44,21425
job-845,6,9,7,21368,81,21652
job-846,6,4,3,21393,317,21962
job-847,6,6,6,21414,25,21688
job-848,5,7,4,21430,89,21734
job-849,2,6,7,21454,182,21785
job-850,2,11,2,21475,62,21688
job-851,4,7,7,21498,293,22054
job-852,6,9,2,21516,422,22151
job-853,1,8,6,21538,198,22030
job-854,4,7,3,21568,106,21778
job-855,1,4,6,21596,71,21911
job-856,6,11,5,21612,260,22132
job-857,1,9,7,21644,232,22169
job-858,4,8,3,21660,56,21878
job-859,2,10,1,21680,42,21938
job-860,5,12,2,21711,48,21980
job-861,5,7,7,21727,147,22046
job-862,2,10,8,21754,55,21935
job-863,5,11,5,21766,225,22058
job-864,2,6,7,21793,80,21929
job-865,5,6,1,21819,30,22062
job-866,4,11,6,21852,49,22018
job-867,3,12,8,21873,97,22148
job-868,6,9,2,21899,151,22124
job-869,3,12,5,21927,142,22176
job-870,1,12,2,21952,120,22099
job-871,2,9,3,21977,100,22250
job-872,2,5,5,22005,98,22323
job-873,4,12,1,22030,66,22318
job-874,4,7,4,22052,14,22094
job-875,3,7,5,22076,26,22267
job-876,2,11,2,22109,11,22186
job-877,2,6,5,22134,172,22312
job-878,6,11,8,22154,15,22451
job-879,2,11,3,22178,25,22313
job-880,4,6,4,22205,35,22332
job-881,2,7,4,22230,110,22495
job-882,4,9,1,22262,21,22456
job-883,2,8,6,22293,48,22546
job-884,6,8,8,22314,114,22607
job-885,4,4,2,22347,91,22476
job-886,3,7,7,22364,67,22628
job-887,1,6,6,22381,32,22448
job-888,3,6,6,22405,202,22787
job-889,3,8,1,22427,63,22582
job-890,6,5,7,22452,229,22979
job-891,3,5,4,22481,94,22594
job-892,4,5,4,22501,45,22665
job-893,1,8,3,22532,83,22740
job-894,3,5,4,22555,37,22738
job-895,6,6,6,22582,20,22861
job-896,4,8,3,22606,14,22884
job-897,2,11,5,22629,123,23001
job-898,2,6,7,22654,109,23043
job-899,2,11,3,22685,17,22864
job-900,5,10,3,22705,49,22945
job-901,4,5,3,22735,25,23022
job-902,3,7,6,22756,49,22963
job-903,3,5,8,22792,15,22841
job-904,3,5,3,22825,309,23149
job-905,4,12,4,22862,156,23189
job-906,6,8,3,22887,55,23153
job-907,3,11,2,22908,21,23123
job-908,4,10,3,22929,69,23068
job-909,3,5,1,22962,52,23123
job-910,1,9,8,22998,231,23402
job-911,6,6,3,23026,203,23413
job-912,6,11,4,23051,51,23116
job-913,4,5,2,23084,16,23244
job-914,3,6,6,23097,167,23555
job-915,3,10,5,23116,125,23313
job-916,5,8,8,23143,12,23386
job-917,3,5,1,23159,35,23428
job-918,2,5,7,23180,69,23267
job-919,6,5,2,23215,151,23452
job-920,6,10,1,23240,37,23534
job-921,5,6,7,23269,33,23445
job-922,2,7,1,23295,105,23407
job-923,4,8,2,23315,68,23486
job-924,6,10,6,23341,62,23524
job-925,6,5,4,23372,221,23747
job-926,5,8,6,23390,81,23622
job-927,3,9,1,23404,114,23601
job-928,3,6,5,23430,34,23712
job-929,6,10,2,23454,301,23920
job-930,3,12,8,23479,24,23728
job-931,2,7,3,23503,54,23796
job-932,6,6,5,23538,42,23869
job-933,4,12,7,23567,141,23940
job-934,5,5,5,23589,179,23950
job-935,4,5,5,23614,46,23947
job-936,3,9,7,23635,17,23770
job-937,6,9,1,23661,102,23815
job-938,1,11,2,23688,164,24135
job-939,4,8,8,23714,150,24092
job-940,3,8,7,23739,18,23964
job-941,6,4,5,23761,214,24195
job-942,4,4,6,23784,31,24007
job-943,1,6,6,23812,488,24355
job-944,2,4,8,23830,27,24017
job-945,6,11,8,23854,127,24196
job-946,4,6,7,23876,62,23975
job-947,2,10,3,23906,113,24062
job-948,5,8,5,23937,142,24134
job-949,2,7,7,23956,124,24159
job-950,5,6,5,23979,31,24126
job-951,4,6,6,23997,56,24066
job-952,6,11,5,24028,31,24077
job-953,1,9,2,24057,33,24324
job-954,3,11,2,24083,16,24196
job-955,4,11,4,24106,30,24415
job-956,2,11,1,24134,55,24425
job-957,2,5,3,24152,81,24449
job-958,3,7,3,24187,190,24537
job-959,6,5,1,24208,17,24325
job-960,5,6,8,24228,47,24311
job-961,5,11,1,24245,67,24382
job-962,3,6,7,24272,45,24454
job-963,1,7,2,24293,368,24741
job-964,4,4,8,24321,161,24549
job-965,6,12,6,24349,356,24864
job-966,6,7,7,24381,67,24614
job-967,6,7,5,24411,28,24504
job-968,1,5,5,24438,155,24783
job-969,6,8,1,24462,476,25119
job-970,3,10,5,24483,69,24699
job-971,3,9,6,24510,57,24702
job-972,5,12,3,24531,44,24667
job-973,6,10,6,24553,80,24894
job-974,5,9,4,24588,168,24891
job-975,1,11,8,24610,73,24761
job-976,4,11,3,24635,98,24984
job-977,3,12,1,24663,93,25042
job-978,2,9,8,24672,24,24709
job-979,4,6,4,24699,17,24950
job-980,5,8,7,24725,99,24847
job-981,5,4,8,24745,202,24967
job-982,5,12,2,24764,97,24912
job-983,6,7,2,24794,157,25145
job-984,6,6,7,24820,223,25083
job-985,4,7,1,24853,150,25153
job-986,4,8,4,24878,10,24995
job-987,2,5,4,24905,205,25282
job-988,2,8,2,24933,39,25071
job-989,6,9,7,24962,84,25100
job-990,2,12,8,24987,87,25288
job-991,2,8,8,25013,293,25539
job-992,3,6,4,25032,14,25327
job-993,2,12,8,25054,174,25507
job-994,1,4,3,25077,623,25823
job-995,6,9,1,25103,56,25405
job-996,1,7,2,25132,57,25427
job-997,3,9,7,25157,202,25522
job-998,5,10,3,25177,19,25439
job-999,6,10,5,25208,44,25423
